name	count	decorated_name
DrugResponse	641610	DrugResponse(641610)
GeneOntologyTerm	47401	GeneOntologyTerm(47401)
Case	15571	Case(15571)
GeneSet	18244	GeneSet(18244)
Interaction	1556760	Interaction(1556760)
Project	162	Project(162)
Protein	94575	Protein(94575)
GeneExpression	24165	GeneExpression(24165)
TranscriptExpression	12477	TranscriptExpression(12477)
Publication	30198855	Publication(30198855)
Sample	52507	Sample(52507)
Compound	10645	Compound(10645)
Phenotype	23420	Phenotype(23420)
Program	5	Program(5)
Gene	63677	Gene(63677)
SomaticCallset	12352	SomaticCallset(12352)
PfamFamily	17929	PfamFamily(17929)
GenomicFeature	2374	GenomicFeature(2374)
Exon	737019	Exon(737019)
PfamClan	628	PfamClan(628)
Allele	4023651	Allele(4023651)
ProteinStructure	36526	ProteinStructure(36526)
Transcript	214804	Transcript(214804)
G2PAssociation	88669	G2PAssociation(88669)
Pathway	4794	Pathway(4794)
CopyNumberAlteration	10845	CopyNumberAlteration(10845)
Aliquot	822878	Aliquot(822878)
