count	name
15571	Case
10644	Compound
822878	Aliquot
2374	GenomicFeature
30198855	Publication
24165	GeneExpression
88669	G2PAssociation
47401	GeneOntologyTerm
10845	CopyNumberAlteration
12477	TranscriptExpression
4023651	Allele
94575	Protein
52507	Sample
63677	Gene
12352	SomaticCallset
628	PfamClan
17929	PfamFamily
18244	GeneSet
162	Project
1556760	Interaction
23420	Phenotype
36526	ProteinStructure
4794	Pathway
737019	Exon
641610	DrugResponse
5	Program
214804	Transcript
